Wall,metal
Wall,metal
Wall,metal
Wall,metal
Wall,metal
Wall,metal
Wall,metal
Wall,metal
Wall,metal
Wall,metal
Wall,metal
Wall,metal
Wall,brown
Wall,brown
Wall,brown
Wall,brown
Space,SPACE
Space,SPACE
Space,SPACE
Space,SPACE
Space,SPACE
Space,SPACE
Space,SPACE
Wall,metal
Space,SPACE
Space,SPACE
Space,SPACE
Space,SPACE
Space,SPACE
Wall,brown
Wall,brown
Space,SPACE
Space,SPACE
Space,SPACE
Space,SPACE
Space,SPACE
Space,SPACE
Space,SPACE
Wall,metal
Space,SPACE
Space,SPACE
Space,SPACE
Space,SPACE
Space,SPACE
Wall,brown
Wall,brown
Space,SPACE
Space,SPACE
Space,SPACE
Space,SPACE
Space,SPACE
Space,SPACE
Space,SPACE
Wall,metal
Space,SPACE
Space,SPACE
Space,SPACE
Space,SPACE
Space,SPACE
Wall,brown
Wall,brown
Space,SPACE
Space,SPACE
Space,SPACE
Space,SPACE
Space,SPACE
Space,SPACE
Space,SPACE
Wall,metal
Space,SPACE
Space,SPACE
Space,SPACE
Space,SPACE
Space,SPACE
Wall,brown
Wall,brown
Space,SPACE
Space,SPACE
Space,SPACE
Space,SPACE
Space,SPACE
Space,SPACE
Space,SPACE
Wall,metal
Space,SPACE
Space,SPACE
Space,SPACE
Space,SPACE
Space,SPACE
Wall,brown
Wall,brown
Space,SPACE
Space,SPACE
Space,SPACE
Space,SPACE
Space,SPACE
Space,SPACE
Space,SPACE
Wall,metal
Space,SPACE
Space,SPACE
Space,SPACE
Space,SPACE
Space,SPACE
Wall,brown
Wall,brown
Space,SPACE
Space,SPACE
Space,SPACE
Space,SPACE
Space,SPACE
Space,SPACE
Space,SPACE
Wall,metal
Space,SPACE
Space,SPACE
Space,SPACE
Space,SPACE
Space,SPACE
Wall,brown
Wall,brown
Space,SPACE
Space,SPACE
Space,SPACE
Space,SPACE
Space,SPACE
Space,SPACE
Space,SPACE
Wall,metal
Space,SPACE
Space,SPACE
Space,SPACE
Space,SPACE
Space,SPACE
Wall,brown
Wall,brown
Space,SPACE
Space,SPACE
Space,SPACE
Space,SPACE
Space,SPACE
Space,SPACE
Space,SPACE
Wall,metal
Space,SPACE
Space,SPACE
Space,SPACE
Space,SPACE
Space,SPACE
Wall,brown
Wall,brown
Space,SPACE
Space,SPACE
Space,SPACE
Space,SPACE
Space,SPACE
Space,SPACE
Space,SPACE
Wall,metal
Space,SPACE
Space,SPACE
Space,SPACE
Space,SPACE
Space,SPACE
Wall,brown
Wall,brown
Space,SPACE
Space,SPACE
Wall,metal
Wall,metal
Wall,metal
Wall,metal
Wall,metal
Wall,metal
Wall,metal
Wall,metal
Wall,metal
Wall,metal
Wall,metal
Wall,metal
Wall,brown
Space,SPACE
Space,SPACE
Wall,metal
Space,SPACE
Space,SPACE
Space,SPACE
Wall,metal
Wall,metal
Space,SPACE
Space,SPACE
Space,SPACE
Wall,metal
Space,SPACE
Wall,brown
Wall,brown
Space,SPACE
Space,SPACE
Wall,metal
Space,SPACE
Space,SPACE
Space,SPACE
Wall,metal
Wall,metal
Space,SPACE
Space,SPACE
Space,SPACE
Wall,metal
Space,SPACE
Wall,brown
Wall,brown
Space,SPACE
Space,SPACE
Wall,metal
Space,SPACE
Space,SPACE
Space,SPACE
Wall,metal
Wall,metal
Space,SPACE
Space,SPACE
Space,SPACE
Wall,metal
Space,SPACE
Wall,brown
Wall,brown
Space,SPACE
Space,SPACE
Wall,metal
Wall,metal
Wall,metal
Wall,metal
Wall,metal
Wall,metal
Space,SPACE
Space,SPACE
Space,SPACE
Wall,metal
Space,SPACE
Wall,brown
Wall,brown
Space,SPACE
Space,SPACE
Wall,metal
Space,SPACE
Space,SPACE
Space,SPACE
Wall,metal
Wall,metal
Space,SPACE
Space,SPACE
Space,SPACE
Wall,metal
Space,SPACE
Wall,brown
Wall,brown
Space,SPACE
Space,SPACE
Wall,metal
Space,SPACE
Space,SPACE
Space,SPACE
Wall,metal
Wall,metal
Space,SPACE
Space,SPACE
Space,SPACE
Wall,metal
Space,SPACE
Wall,brown
Wall,brown
Space,SPACE
Space,SPACE
Wall,metal
Wall,metal
Wall,metal
Wall,metal
Wall,metal
Wall,metal
Wall,metal
Wall,metal
Wall,metal
Wall,metal
Space,SPACE
Wall,brown
Wall,brown
Space,SPACE
Space,SPACE
Wall,metal
Space,SPACE
Space,SPACE
Space,SPACE
Space,SPACE
Space,SPACE
Space,SPACE
Space,SPACE
Space,SPACE
Wall,metal
Space,SPACE
Wall,brown
Wall,brown
Wall,brown
Wall,brown
Wall,brown
Wall,brown
Wall,brown
Wall,brown
Wall,brown
Wall,brown
Wall,brown
Wall,brown
Wall,brown
Wall,metal
Wall,brown
Wall,brown
