Wall,link2
Wall,link9
Wall,link9
Wall,link9
Wall,link9
Wall,link9
Wall,link9
Wall,link9
Wall,link9
Wall,link9
Wall,link9
Wall,link9
Wall,link9
Wall,link9
Wall,link14
Wall,link11
Space,SPACE
Space,SPACE
Space,SPACE
Space,SPACE
Space,SPACE
Space,SPACE
Space,SPACE
Space,SPACE
Space,SPACE
Space,SPACE
Space,SPACE
Space,SPACE
Space,SPACE
Wall,link11
Wall,link11
Space,SPACE
Space,SPACE
Space,SPACE
Space,SPACE
Space,SPACE
Space,SPACE
Space,SPACE
Space,SPACE
Space,SPACE
Space,SPACE
Space,SPACE
Space,SPACE
Space,SPACE
Wall,link11
Wall,link11
Space,SPACE
Space,SPACE
Space,SPACE
Space,SPACE
Space,SPACE
Space,SPACE
Space,SPACE
Space,SPACE
Space,SPACE
Space,SPACE
Space,SPACE
Space,SPACE
Space,SPACE
Wall,link11
Wall,link11
Space,SPACE
Space,SPACE
Space,SPACE
Space,SPACE
Space,SPACE
Space,SPACE
Space,SPACE
Space,SPACE
Space,SPACE
Space,SPACE
Space,SPACE
Space,SPACE
Space,SPACE
Wall,link11
Wall,link11
Space,SPACE
Space,SPACE
Space,SPACE
Space,SPACE
Space,SPACE
Space,SPACE
Space,SPACE
Space,SPACE
Space,SPACE
Space,SPACE
Space,SPACE
Space,SPACE
Space,SPACE
Wall,link11
Wall,link11
Space,SPACE
Space,SPACE
Space,SPACE
Space,SPACE
Space,SPACE
Space,SPACE
Space,SPACE
Space,SPACE
Space,SPACE
Space,SPACE
Space,SPACE
Space,SPACE
Space,SPACE
Wall,link11
Wall,link11
Space,SPACE
Space,SPACE
Space,SPACE
Space,SPACE
Space,SPACE
Space,SPACE
Space,SPACE
Space,SPACE
Space,SPACE
Space,SPACE
Space,SPACE
Space,SPACE
Space,SPACE
Wall,link11
Wall,link11
Space,SPACE
Space,SPACE
Space,SPACE
Space,SPACE
Space,SPACE
Space,SPACE
Space,SPACE
Space,SPACE
Space,SPACE
Space,SPACE
Space,SPACE
Space,SPACE
Space,SPACE
Wall,link11
Wall,link11
Space,SPACE
Space,SPACE
Space,SPACE
Space,SPACE
Space,SPACE
Space,SPACE
Space,SPACE
Space,SPACE
Space,SPACE
Space,SPACE
Space,SPACE
Space,SPACE
Space,SPACE
Wall,link11
Wall,link11
Space,SPACE
Space,SPACE
Space,SPACE
Space,SPACE
Space,SPACE
Space,SPACE
Space,SPACE
Space,SPACE
Space,SPACE
Space,SPACE
Space,SPACE
Space,SPACE
Space,SPACE
Wall,link11
Wall,link11
Space,SPACE
Space,SPACE
Space,SPACE
Space,SPACE
Space,SPACE
Space,SPACE
Space,SPACE
Space,SPACE
Space,SPACE
Space,SPACE
Space,SPACE
Space,SPACE
Space,SPACE
Wall,link11
Wall,link11
Space,SPACE
Space,SPACE
Space,SPACE
Space,SPACE
Space,SPACE
Space,SPACE
Space,SPACE
Space,SPACE
Space,SPACE
Space,SPACE
Space,SPACE
Space,SPACE
Space,SPACE
Wall,link11
Wall,link11
Space,SPACE
Space,SPACE
Space,SPACE
Space,SPACE
Space,SPACE
Space,SPACE
Space,SPACE
Space,SPACE
Space,SPACE
Space,SPACE
Space,SPACE
Space,SPACE
Space,SPACE
Wall,link11
Wall,link11
Space,SPACE
Space,SPACE
Space,SPACE
Space,SPACE
Space,SPACE
Space,SPACE
Space,SPACE
Space,SPACE
Space,SPACE
Space,SPACE
Space,SPACE
Space,SPACE
Space,SPACE
Wall,link11
Wall,link11
Space,SPACE
Space,SPACE
Space,SPACE
Space,SPACE
Space,SPACE
Space,SPACE
Space,SPACE
Space,SPACE
Space,SPACE
Space,SPACE
Space,SPACE
Space,SPACE
Space,SPACE
Wall,link11
Wall,link11
Space,SPACE
Space,SPACE
Space,SPACE
Space,SPACE
Space,SPACE
Space,SPACE
Space,SPACE
Space,SPACE
Space,SPACE
Space,SPACE
Space,SPACE
Space,SPACE
Space,SPACE
Wall,link11
Wall,link11
Space,SPACE
Space,SPACE
Space,SPACE
Space,SPACE
Space,SPACE
Space,SPACE
Space,SPACE
Space,SPACE
Space,SPACE
Space,SPACE
Space,SPACE
Space,SPACE
Space,SPACE
Wall,link11
Wall,link11
Space,SPACE
Space,SPACE
Space,SPACE
Space,SPACE
Space,SPACE
Space,SPACE
Space,SPACE
Space,SPACE
Space,SPACE
Space,SPACE
Space,SPACE
Space,SPACE
Space,SPACE
Wall,link11
Wall,link11
Space,SPACE
Space,SPACE
Space,SPACE
Space,SPACE
Space,SPACE
Space,SPACE
Space,SPACE
Space,SPACE
Space,SPACE
Space,SPACE
Space,SPACE
Space,SPACE
Space,SPACE
Wall,link11
Wall,link5
Wall,link9
Wall,link9
Wall,link9
Wall,link9
Wall,link9
Wall,link9
Wall,link9
Wall,link9
Wall,link9
Wall,link9
Wall,link9
Wall,link9
Wall,link9
Wall,link15
