Wall,brown
Wall,brown
Wall,brown
Wall,brown
Wall,brown
Wall,brown
Wall,brown
Wall,brown
Wall,brown
Wall,brown
Wall,brown
Wall,brown
Wall,brown
Wall,brown
Wall,brown
Wall,brown
Space,SPACE
Space,SPACE
Wall,blue
Space,SPACE
Space,SPACE
Wall,blue
Space,SPACE
Space,SPACE
Space,SPACE
Space,SPACE
Space,SPACE
Space,SPACE
Space,SPACE
Wall,brown
Wall,brown
Space,SPACE
Space,SPACE
Wall,blue
Space,SPACE
Space,SPACE
Wall,blue
Space,SPACE
Space,SPACE
Space,SPACE
Space,SPACE
Space,SPACE
Space,SPACE
Space,SPACE
Wall,brown
Wall,brown
Space,SPACE
Space,SPACE
Wall,blue
Space,SPACE
Space,SPACE
Wall,blue
Space,SPACE
Space,SPACE
Space,SPACE
Space,SPACE
Wall,blue
Wall,blue
Space,SPACE
Wall,brown
Wall,brown
Space,SPACE
Space,SPACE
Wall,blue
Space,SPACE
Space,SPACE
Wall,blue
Space,SPACE
Space,SPACE
Space,SPACE
Space,SPACE
Wall,blue
Wall,blue
Space,SPACE
Wall,brown
Wall,brown
Space,SPACE
Space,SPACE
Wall,blue
Space,SPACE
Space,SPACE
Wall,blue
Space,SPACE
Space,SPACE
Space,SPACE
Space,SPACE
Wall,blue
Wall,blue
Space,SPACE
Wall,brown
Wall,brown
Space,SPACE
Space,SPACE
Wall,blue
Space,SPACE
Space,SPACE
Wall,blue
Space,SPACE
Space,SPACE
Space,SPACE
Space,SPACE
Wall,blue
Wall,blue
Space,SPACE
Wall,brown
Wall,brown
Space,SPACE
Space,SPACE
Wall,blue
Space,SPACE
Space,SPACE
Wall,blue
Space,SPACE
Space,SPACE
Space,SPACE
Space,SPACE
Wall,blue
Wall,blue
Space,SPACE
Wall,brown
Wall,brown
Space,SPACE
Space,SPACE
Wall,blue
Space,SPACE
Space,SPACE
Wall,blue
Space,SPACE
Space,SPACE
Space,SPACE
Space,SPACE
Wall,blue
Wall,blue
Space,SPACE
Wall,brown
Wall,brown
Space,SPACE
Wall,blue
Wall,blue
Space,SPACE
Space,SPACE
Wall,blue
Space,SPACE
Space,SPACE
Space,SPACE
Space,SPACE
Wall,blue
Wall,blue
Space,SPACE
Wall,brown
Wall,brown
Space,SPACE
Wall,blue
Space,SPACE
Space,SPACE
Space,SPACE
Space,SPACE
Space,SPACE
Space,SPACE
Space,SPACE
Space,SPACE
Wall,blue
Wall,blue
Space,SPACE
Wall,brown
Wall,brown
Space,SPACE
Wall,blue
Space,SPACE
Space,SPACE
Space,SPACE
Space,SPACE
Space,SPACE
Space,SPACE
Space,SPACE
Space,SPACE
Wall,blue
Wall,blue
Space,SPACE
Wall,brown
Wall,brown
Space,SPACE
Wall,blue
Wall,blue
Wall,blue
Wall,blue
Wall,blue
Wall,blue
Wall,blue
Wall,blue
Space,SPACE
Space,SPACE
Space,SPACE
Space,SPACE
Wall,brown
Wall,brown
Space,SPACE
Wall,blue
Wall,blue
Wall,blue
Wall,blue
Wall,blue
Wall,blue
Wall,blue
Wall,blue
Wall,blue
Wall,blue
Space,SPACE
Space,SPACE
Wall,brown
Wall,brown
Space,SPACE
Space,SPACE
Space,SPACE
Space,SPACE
Space,SPACE
Space,SPACE
Space,SPACE
Space,SPACE
Space,SPACE
Space,SPACE
Space,SPACE
Space,SPACE
Space,SPACE
Wall,brown
Wall,brown
Space,SPACE
Space,SPACE
Space,SPACE
Space,SPACE
Space,SPACE
Space,SPACE
Space,SPACE
Space,SPACE
Space,SPACE
Space,SPACE
Space,SPACE
Space,SPACE
Space,SPACE
Wall,brown
Wall,brown
Space,SPACE
Space,SPACE
Space,SPACE
Space,SPACE
Space,SPACE
Space,SPACE
Space,SPACE
Space,SPACE
Space,SPACE
Space,SPACE
Space,SPACE
Space,SPACE
Space,SPACE
Wall,brown
Wall,brown
Space,SPACE
Space,SPACE
Space,SPACE
Space,SPACE
Space,SPACE
Space,SPACE
Space,SPACE
Space,SPACE
Space,SPACE
Space,SPACE
Space,SPACE
Space,SPACE
Space,SPACE
Wall,brown
Wall,brown
Space,SPACE
Space,SPACE
Space,SPACE
Space,SPACE
Space,SPACE
Space,SPACE
Space,SPACE
Space,SPACE
Space,SPACE
Space,SPACE
Space,SPACE
Space,SPACE
Space,SPACE
Wall,brown
Wall,brown
Space,SPACE
Space,SPACE
Space,SPACE
Space,SPACE
Space,SPACE
Space,SPACE
Space,SPACE
Space,SPACE
Space,SPACE
Space,SPACE
Space,SPACE
Space,SPACE
Space,SPACE
Wall,brown
Wall,brown
Wall,brown
Wall,brown
Wall,brown
Wall,brown
Wall,brown
Wall,brown
Wall,brown
Wall,brown
Wall,brown
Wall,brown
Wall,brown
Wall,brown
Wall,brown
Wall,brown
